prospect_id,company_name,industry,country,city,website,social_platform,business_description,online_activity,contact_role,contact_email,fit_signals,potential_problem,data_label
P001,Larkspur Dental Studio,Dental clinic,United States,Austin,https://www.larkspur-dental.example,Instagram,Family and cosmetic dental practice with two dentists and a small front-desk team.,Posts about once a month; mostly stock photos; no short videos.,Practice Owner,hello@larkspur-dental.example,irregular posting; stock photos only; no in-house designer; offers seasonal whitening promotions,"Content looks inconsistent, so new patients see little of the team or results.","SAMPLE DATA - fictional business, not a verified lead"
P002,Copperline Fitness Collective,Fitness studio,United Kingdom,Manchester,https://www.copperline-fitness.example,Instagram,Boutique strength and HIIT studio running group classes and a 6-week challenge.,Posts class schedules as plain screenshots; stories used occasionally.,Studio Manager,hello@copperline-fitness.example,plain schedule screenshots; runs recurring challenges; small team; no brand templates,Promotions for challenges are hard to notice and look different every time.,"SAMPLE DATA - fictional business, not a verified lead"
P003,Harborview Realty Group,Real estate agency,Canada,Vancouver,https://www.harborview-realty.example,Facebook,Three-agent residential agency listing condos and townhomes.,Shares listing links with default photos; no consistent graphics.,Principal Agent,hello@harborview-realty.example,listing posts without branded graphics; no short video tours; agents handle their own social media,Listings blend in with competitors and agents lack time to design visuals.,"SAMPLE DATA - fictional business, not a verified lead"
P004,Saltbox Kitchen & Cafe,Restaurant / cafe,Australia,Melbourne,https://www.saltbox-cafe.example,Instagram,Neighbourhood brunch cafe with a rotating seasonal menu.,Posts photos irregularly; menu changes are announced in stories only.,Owner,hello@saltbox-cafe.example,seasonal menu changes; irregular posting; strong food photos but no templates; no in-house designer,New menu items get little reach because there is no repeatable post format.,"SAMPLE DATA - fictional business, not a verified lead"
P005,Willowmere Aesthetics,Med spa / aesthetics,United States,Denver,https://www.willowmere-aesthetics.example,Instagram,Small aesthetics clinic offering facials and skin treatments.,Posts promotions as text-heavy images; no educational content.,Clinic Manager,hello@willowmere-aesthetics.example,text-heavy promo images; no educational posts; runs monthly offers; small team,Posts are hard to read and do not explain treatments to first-time clients.,"SAMPLE DATA - fictional business, not a verified lead"
P006,Pinecrest Yoga House,Yoga studio,Canada,Toronto,https://www.pinecrest-yoga.example,Instagram,Independent yoga and meditation studio with weekly workshops.,Announces workshops with photos of the room; sporadic stories.,Studio Owner,hello@pinecrest-yoga.example,workshop announcements; sporadic posting; no consistent visual style; small team,Workshop sign-ups depend on word of mouth because announcements are inconsistent.,"SAMPLE DATA - fictional business, not a verified lead"
P007,Fernhill Boutique,E-commerce boutique,United Kingdom,Bristol,https://www.fernhill-boutique.example,Instagram,Small online shop selling handmade homeware and gifts.,Product photos are good; captions are brief; no seasonal campaigns.,Founder,hello@fernhill-boutique.example,no seasonal campaigns; product photos but no lifestyle graphics; founder handles marketing alone,Seasonal gift periods pass without campaign graphics or promotion plans.,"SAMPLE DATA - fictional business, not a verified lead"
P008,Brightpath Career Coaching,Business / career coach,United States,Chicago,https://www.brightpath-coaching.example,LinkedIn,Solo coach helping mid-career professionals change roles.,Posts text-only LinkedIn updates; no carousels or visuals.,Founder and Coach,hello@brightpath-coaching.example,text-only posts; no carousels; solo operator; no design support,Posts blend into the feed and ideas are not packaged as shareable visuals.,"SAMPLE DATA - fictional business, not a verified lead"
P009,Ashgrove Family Law,Law firm,Australia,Brisbane,https://www.ashgrove-law.example,LinkedIn,Small family law practice with two solicitors.,Occasional articles; no visual content; website is text-heavy.,Practice Manager,hello@ashgrove-law.example,text-heavy content; infrequent posting; conservative brand; no social media staff,Helpful guidance is not turned into easy-to-share visuals.,"SAMPLE DATA - fictional business, not a verified lead"
P010,Tidewater Pet Grooming,Pet grooming,United States,Tampa,https://www.tidewater-grooming.example,Facebook,Local grooming salon with two groomers and loyal repeat customers.,Posts before-and-after photos without captions or branding.,Owner,hello@tidewater-grooming.example,before-and-after photos; no branding on posts; no in-house designer; seasonal promotions,Great transformation photos are posted without a story or call to action.,"SAMPLE DATA - fictional business, not a verified lead"
P011,Northgate Dental Partners,Dental clinic,Canada,Calgary,https://www.northgate-dental.example,Facebook,Three-location dental group with a part-time marketing coordinator.,Posts weekly but only reposts supplier graphics.,Marketing Coordinator,hello@northgate-dental.example,supplier graphics reposted; no local content; limited design capacity; multiple locations,Content feels generic and does not show local team members or patient education.,"SAMPLE DATA - fictional business, not a verified lead"
P012,Ironbark CrossFit Box,Fitness studio,Australia,Perth,https://www.ironbark-crossfit.example,Instagram,Community gym with beginner on-ramp programmes.,Posts workout results sporadically; no explainer content for beginners.,Head Coach,hello@ironbark-crossfit.example,beginner on-ramp programme; sporadic posting; community focus; no templates,"Beginners do not see an easy, welcoming way to start.","SAMPLE DATA - fictional business, not a verified lead"
P013,Marlow & Finch Estates,Real estate agency,United Kingdom,Leeds,https://www.marlowfinch-estates.example,Instagram,Independent letting and sales agency.,Listings posted with default photos; no market-update graphics.,Director,hello@marlowfinch-estates.example,default listing photos; no market updates; small team; no video content,Competitors with polished listing visuals attract more enquiries.,"SAMPLE DATA - fictional business, not a verified lead"
P014,Juniper Table Bistro,Restaurant / cafe,United States,Portland,https://www.juniper-table.example,Instagram,Farm-to-table bistro with a weekly changing menu and events.,Posts event nights occasionally; menu images are low quality.,General Manager,hello@juniper-table.example,weekly menu changes; event nights; low-quality menu images; no in-house designer,Events are under-promoted and weekly menus lack a consistent look.,"SAMPLE DATA - fictional business, not a verified lead"
P015,Glowhaus Skin Studio,Med spa / aesthetics,United Kingdom,London,https://www.glowhaus-skin.example,Instagram,Boutique skincare studio with a few signature facials.,Strong before-and-after posts but no captions or education.,Studio Owner,hello@glowhaus-skin.example,before-and-after posts; no educational captions; monthly promotions; small team,"Treatments are not explained, so prospects do not know which to choose.","SAMPLE DATA - fictional business, not a verified lead"
P016,Oakline Insurance Advisors,Insurance broker,Canada,Ottawa,https://www.oakline-insurance.example,LinkedIn,Small independent insurance brokerage.,Shares industry news links with no original content.,Managing Broker,hello@oakline-insurance.example,news link sharing only; no original visuals; compliance-conscious; small team,Brand personality is invisible and clients cannot tell the brokers apart.,"SAMPLE DATA - fictional business, not a verified lead"
P017,Redwood Landscaping Co.,Landscaping,United States,Sacramento,https://www.redwood-landscaping.example,Facebook,Residential landscaping crew focused on garden redesign.,Project photos posted in bulk; no seasonal tips or captions.,Owner,hello@redwood-landscaping.example,project photos in bulk; seasonal work; no captions; no design support,Seasonal demand spikes are missed without planned content.,"SAMPLE DATA - fictional business, not a verified lead"
P018,Kestrel Accounting Services,Accounting firm,Australia,Sydney,https://www.kestrel-accounting.example,LinkedIn,Boutique accounting firm for small business owners.,Posts tax-deadline reminders as plain text.,Practice Owner,hello@kestrel-accounting.example,deadline reminders as plain text; recurring seasonal topics; no visuals; small team,"Predictable tax-season content is not designed, so reach stays low.","SAMPLE DATA - fictional business, not a verified lead"
P019,Lumen Photography Studio,Photography studio,United States,Nashville,https://www.lumen-photography.example,Instagram,Portrait and family photographer with a small studio.,Posts portfolio images with minimal captions; no behind-the-scenes content.,Photographer / Owner,hello@lumen-photography.example,strong imagery; minimal captions; no reels; solo operator,Strong photography is not turned into short videos or promotional offers.,"SAMPLE DATA - fictional business, not a verified lead"
